command,large
push_constant_int,true
push_var,true
pop_var,true
push_varbit,true
pop_varbit,true
push_constant_string,true
branch,true
branch_not,true
branch_equals,true
branch_less_than,true
branch_greater_than,true
branch_less_than_or_equals,true
branch_greater_than_or_equals,true
push_int_local,true
pop_int_local,true
push_string_local,true
pop_string_local,true
join_string,true
pop_int_discard
pop_string_discard
gosub_with_params,true
define_array,true
push_array_int,true
pop_array_int,true
switch,true
push_long_constant,true
pop_long_discard,true
push_long_local,true
pop_long_local,true
long_branch_not,true
long_branch_equals,true
long_branch_less_than,true
long_branch_greater_than,true
long_branch_less_than_or_equals,true
long_branch_greater_than_or_equals,true
push_array_int_leave_index_on_stack,true
push_array_int_and_index,true
pop_array_int_leave_value_on_stack,true
branch_if_true,true
branch_if_false,true
cc_create
cc_delete
cc_deleteall
cc_invalidate
if_sendtofront
if_sendtoback
cc_sendtofront
cc_sendtoback
if_resume_pausebutton
cc_resume_pausebutton
baseidkit
basecolour
basematerial
setgender
setobj
cc_setposition
cc_setsize
cc_sethide
cc_setaspect
cc_setnoclickthrough
cc_setscrollpos
cc_setcolour
cc_setfill
cc_settrans
cc_setlinewid
cc_setgraphic
cc_set2dangle
cc_settiling
cc_setmodel
cc_setmodelangle
cc_setmodelanim
cc_setmodelorthog
cc_setmodeltint
cc_setmodellighting
cc_resetmodellighting
cc_settext
cc_settextfont
cc_settextalign
cc_settextshadow
cc_settextantimacro
cc_setoutline
cc_setgraphicshadow
cc_setvflip
cc_sethflip
cc_setscrollsize
cc_setalpha
cc_setmodelzoom
cc_setlinedirection
cc_setmodelorigin
cc_setmaxlines
cc_setparam_int
cc_setparam_string
cc_setrecol
cc_setretex
cc_setfontmono
cc_setparam
cc_setclickmask
cc_setobject
cc_setnpchead
cc_setplayerhead_self
cc_setnpcmodel
cc_setplayermodel
cc_setobject_nonum
cc_setlinkfriend
cc_setlinkfriendchat
cc_setlinkplayergroup
cc_setlinkactiveclanchannel
cc_resetlinkplayer
cc_setobject_wearcol
cc_setobject_wearcol_nonum
cc_setplayermodel_self
cc_setobject_alwaysnum
cc_setobject_wearcol_alwaysnum
cc_setop
cc_setdraggable
cc_setdragrenderbehaviour
cc_setdragdeadzone
cc_setdragdeadtime
cc_setopbase
cc_settargetverb
cc_clearops
cc_settargetcursors
cc_setopcursor
cc_setpausetext
cc_settargetopcursor
cc_setopchar
cc_setoptchar
cc_setopkey
cc_setoptkey
cc_setopkeyrate
cc_setoptkeyrate
cc_setopkeyignoreheld
cc_setoptkeyignoreheld
cc_setmouseovercursor
cc_setonclick
cc_setonhold
cc_setonrelease
cc_setonmouseover
cc_setonmouseleave
cc_setondrag
cc_setontargetleave
cc_setonvartransmit
cc_setontimer
cc_setonop
cc_setondragcomplete
cc_setonclickrepeat
cc_setonmouserepeat
cc_setoninvtransmit
cc_setonstattransmit
cc_setontargetenter
cc_setonscrollwheel
cc_setonchattransmit
cc_setonkey
cc_setongamepadbutton
cc_setongamepadbuttonheld
cc_setongamepadaxis
cc_setongamepadtrigger
cc_setonfriendtransmit
cc_setonclantransmit
cc_setonmisctransmit
cc_setondialogabort
cc_setonsubchange
cc_setonstocktransmit
cc_setoncamfinished
cc_setonresize
cc_setonvarctransmit
cc_setonvarcstrtransmit
cc_setonopt
cc_setonclansettingstransmit
cc_setonclanchanneltransmit
cc_setonvarclantransmit
cc_setonplayergrouptransmit
cc_setonplayergroupvarptransmit
cc_setoncameraupdatetransmit
cc_clearscripthooks
cc_callonresize
if_setposition
if_setsize
if_sethide
if_setaspect
if_setnoclickthrough
if_setscrollpos
if_setcolour
if_setfill
if_settrans
if_setlinewid
if_setgraphic
if_set2dangle
if_settiling
if_setmodel
if_setmodelangle
if_setmodelanim
if_setmodelorthog
if_setmodeltint
if_setmodellighting
if_resetmodellighting
if_settext
if_settextfont
if_settextalign
if_settextshadow
if_settextantimacro
if_setoutline
if_setgraphicshadow
if_setvflip
if_sethflip
if_setscrollsize
if_setalpha
if_setmodelzoom
if_setlinedirection
if_setmodelorigin
if_setmaxlines
if_setparam_int
if_setparam_string
if_setrecol
if_setretex
if_setfontmono
if_setclickmask
if_setobject
if_setnpchead
if_setplayerhead_self
if_setnpcmodel
if_setplayermodel
if_setobject_nonum
if_setlinkfriend
if_setlinkfriendchat
if_setlinkplayergroup
if_setlinkactiveclanchannel
if_resetlinkplayer
if_setobject_wearcol
if_setobject_wearcol_nonum
if_setplayermodel_self
if_setobject_alwaysnum
if_setobject_wearcol_alwaysnum
if_setop
if_setdraggable
if_setdragrenderbehaviour
if_setdragdeadzone
if_setdragdeadtime
if_setopbase
if_settargetverb
if_clearops
if_settargetcursors
if_setopcursor
if_setpausetext
if_settargetopcursor
if_setopchar
if_setoptchar
if_setopkey
if_setoptkey
if_setopkeyrate
if_setoptkeyrate
if_setopkeyignoreheld
if_setoptkeyignoreheld
if_setmouseovercursor
if_setonclick
if_setonhold
if_setonrelease
if_setonmouseover
if_setonmouseleave
if_setondrag
if_setontargetleave
if_setonvartransmit
if_setontimer
if_setonop
if_setondragcomplete
if_setonclickrepeat
if_setonmouserepeat
if_setoninvtransmit
if_setonstattransmit
if_setontargetenter
if_setonscrollwheel
if_setonchattransmit
if_setonkey
if_setongamepadbutton
if_setongamepadbuttonheld
if_setongamepadaxis
if_setongamepadtrigger
if_setonfriendtransmit
if_setonclantransmit
if_setonmisctransmit
if_setondialogabort
if_setonsubchange
if_setonstocktransmit
if_setoncamfinished
if_setonresize
if_setonvarctransmit
if_setonvarcstrtransmit
if_setonopt
if_setonclansettingstransmit
if_setonclanchanneltransmit
if_setonvarclantransmit
if_setonplayergrouptransmit
if_setonplayergroupvarptransmit
if_setoncameraupdatetransmit
if_clearscripthooks
if_callonresize
if_npc_setcustombodymodel
cc_npc_setcustombodymodel
if_npc_setcustomheadmodel
cc_npc_setcustomheadmodel
if_npc_setcustomrecol
cc_npc_setcustomrecol
if_npc_setcustomretex
cc_npc_setcustomretex
mes
return
if_close
resume_countdialog
resume_namedialog
resume_stringdialog
abort_dialog
opplayer
resume_objdialog
if_dragpickup
cc_dragpickup
if_opensubclient
if_closesubclient
opplayert
mes_typed
setup_messagebox
resume_hsldialog
resume_clanforumqfcdialog
sound_synth
sound_song
sound_jingle
sound_synth_volume
sound_song_volume
sound_jingle_volume
sound_vorbis_volume
sound_speech_volume
sound_synth_rate
sound_vorbis_rate
email_validation_submit_code
email_validation_change_address
email_validation_add_new_address
friend_setrank
friend_setnotes
friend_add
friend_del
ignore_add
ignore_del
ignore_setnotes
clan_kickuser
clan_joinchat
clan_leavechat
ignore_add_temp
affinedclansettings_addbanned_fromchannel
affinedclansettings_setmuted_fromchannel
activeclanchannel_kickuser
oc_findrestart
chat_setfilter
chat_sendabusereport
chat_setmode
chat_sendpublic
chat_sendprivate
activechatphrase_prepare
activechatphrase_send
activechatphrase_sendprivate
activechatphrase_setdynamicint
activechatphrase_setdynamicobj
chatphrase_findrestart
worldmap_3dview_enable
worldmap_3dview_disable
worldmap_3dview_setloddistance
worldmap_setcategorypriority
worldmap_3dview_settextfont
worldmap_disabletextsize
worldmap_disabletype
worldmap_3dview_setlighting
worldmap_setzoom
worldmap_setmap
worldmap_jumptosourcecoord
worldmap_jumptodisplaycoord
worldmap_setmap_coord
worldmap_flashelement
worldmap_setmap_coord_override
worldmap_disableelements
worldmap_flashelementcategory
worldmap_disableelementcategory
worldmap_disableelement
worldmap_closemap
fullscreen_exit
setwindowmode
setdefaultwindowmode
openurl
urlencode
spline_new
spline_addpoint
quit
openurl_nologin
writeconsole
formatminimenu
defaultminimenu
setdefaultcursors
sethardcodedopcursors
docheat
notify_accountcreated
notify_accountcreatestarted
setsubmenuminlength
openurl_shim
cam_moveto
cam_lookat
cam_movealong
cam_reset
cam_forceangle
cam_inc_x
cam_dec_x
cam_inc_y
cam_dec_y
cam_setfollowheight
cam_followcoord
cam_smoothreset
cam_removeroof
cam2_setlookatmode
cam2_setpositionmode
cam2_setlookatacceleration
cam2_setpositionacceleration
cam2_setlookatmaxspeed
cam2_setpositionmaxspeed
cam2_setdepthplanes
cam2_setfieldofview
cam2_setlookatpoint_point
cam2_setpositionpoint_point
cam2_getpositionpoint_point
cam2_setlookatentity_player
cam2_setlookatentity_npc
cam2_setpositionentity_player
cam2_setpositionentity_npc
cam2_setfieldofviewscreen
cam2_setpositionspline_spline
cam2_setlookatspline_spline
cam2_removeeffect
cam2_removealleffects
cam2_setlookatacceleration_axis
cam2_setpositionacceleration_axis
cam2_setlookatmaxspeed_axis
cam2_setpositionmaxspeed_axis
cam2_setcollisionmode
cam2_setpositionpointcollision
cam2_updateeffect_ztilt
cam2_settraildistance
cam2_setlinearmovementmode
cam2_setspringproperties
cam2_setlookatangularinterpolation
cam2_setpositionangularinterpolation
cam2_setlookatspringproperties
cam2_setpositionspringproperties
cam2_enable
cam2_setsnapdistances
cam2_resetsnapdistances
login_request
cam2_setlookatorientation_vector
cam2_setlookatorientation_xrotation
cam2_setlookatorientation_yrotation
cam2_setlookatorientation_xmovement
cam2_setlookatorientation_zmovement
cam2_setlookatorientation_maxdistanceclamping
login_continue
login_resetreply
resend_uid_passport_request
create_availablerequest
create_name_availablerequest
create_suggest_name_request
create_createrequest
create_connectrequest
create_step_reached
lobby_entergame
lobby_enterlobby
lobby_leavelobby
create_setunder13
login_cancel
login_request_social_network
lobby_enterlobby_social_network
detail_brightness
detail_removeroofs_option
detail_grounddecor_on
detail_idleanims_many
detail_flickering_on
detail_spotshadows_on
detail_hardshadows
detail_shadowquality
detail_lightdetail_high
detail_waterdetail_high
detail_fog_on
detail_antialiasing
detail_antialiasing_quality
detail_stereo
detail_soundvol
detail_musicvol
detail_bgsoundvol
detail_removeroofs_option_override
detail_particles
detail_antialiasing_default
detail_buildarea
detail_bloom
detail_customcursors
detail_idleanims
detail_groundblending
detail_toolkit
detail_toolkit_default
detail_cpuusage
detail_texturing
detail_maxscreensize
detail_speechvol
detail_loginvol
detail_loadingscreentype
detail_drawdistance
detail_skydetail
detail_animdetail
detail_diskcachesize
viewport_setfov
viewport_setzoom
viewport_clampfov
worldlist_sort
worldlist_autoworld
worldlist_pingworlds
if_debug_button1
if_debug_button2
if_debug_button3
if_debug_button4
if_debug_button5
if_debug_button6
if_debug_button7
if_debug_button8
if_debug_button9
if_debug_button10
if_debug_target
if_triggerop
cc_triggerop
force_interface_drag
cancel_interface_drag
targetmode_active
targetmode_cancel
autosetup_sethigh
autosetup_setmedium
autosetup_setlow
autosetup_setmin
autosetup_setcustom
autosetup_blackflaglast
video_advert_force_remove
video_advert_allow_skip
bug_report
array_sort
cc_find
if_find
cc_getx
cc_gety
cc_getwidth
cc_getheight
cc_gethide
cc_getlayer
cc_getparentlayer
cc_getcolour
cc_getscrollx
cc_getscrolly
cc_gettext
cc_getscrollwidth
cc_getscrollheight
cc_getmodelzoom
cc_getmodelangle_x
cc_getmodelangle_z
cc_getmodelangle_y
cc_gettrans
cc_getmodelxof
cc_getmodelyof
cc_getgraphic
cc_param
cc_get2dangle
cc_getmodel
cc_getfontgraphic
cc_getgraphicdimensions
cc_getfontmetrics
cc_getinvobject
cc_getinvcount
cc_getid
cc_gettargetmask
cc_getop
cc_getopbase
cc_getcharindexatpos
cc_getcharposatindex
if_getx
if_gety
if_getwidth
if_getheight
if_gethide
if_getlayer
if_getparentlayer
if_getcolour
if_getscrollx
if_getscrolly
if_gettext
if_getscrollwidth
if_getscrollheight
if_getmodelzoom
if_getmodelangle_x
if_getmodelangle_z
if_getmodelangle_y
if_gettrans
if_getmodelxof
if_getmodelyof
if_getgraphic
if_get2dangle
if_getmodel
if_getfontgraphic
if_getgraphicdimensions
if_getfontmetrics
if_getinvobject
if_getinvcount
if_hassub
if_getnextsubid
if_hassubmodal
if_hassuboverlay
if_gettargetmask
if_getop
if_getopbase
if_getcharindexatpos
if_getcharposatindex
clientclock
inv_getobj
inv_getnum
inv_total
inv_totalcat
inv_size
inv_stockbase
inv_getvar
stat
stat_base
stat_visible_xp
stat_base_actual
stat_visible_xp_actual
facing_fine
coord
coordx
coordy
coordz
coord_fine
coordx_fine
coordy_fine
coordz_fine
coordlevel_fine
movecoord_fine
coord_gridtofine
coord_finetogrid
map_members
map_preload
map_loadedpercent
invother_getobj
invother_getnum
invother_total
invother_getvar
staffmodlevel
reboottimer
map_world
runenergy_visible
runweight_visible
playermod
playermodlevel
playermember
comlevel_active
gender
map_quickchat
inv_freespace
inv_totalparam
inv_totalparam_stack
map_lang
movecoord
affiliate
profile_cpu
playerdemo
applet_hasfocus
frombilling
get_mousex
get_mousey
get_active_minimenu_entry
get_second_minimenu_entry
get_minimenu_length
npc_find_active_minimenu_entry
player_find_active_minimenu_entry
get_currentcursor
get_selfyangle
map_isowner
get_mousebuttons
self_player_uid
get_minimenu_target
enum_string
enum
enum_hasoutput
enum_hasoutput_string
enum_getoutputcount
enum_getreversecount
enum_getreversecount_string
enum_getreverseindex
enum_getreverseindex_string
friend_count
friend_getname
friend_getworld
friend_getrank
friend_getnotes
friend_getworldflags
friend_test
friend_getworldname
clan_getchatdisplayname
clan_getchatcount
clan_getchatusername
clan_getchatuserworld
clan_getchatuserrank
clan_getchatminkick
clan_getchatrank
ignore_count
ignore_getname
ignore_getnotes
ignore_test
clan_isself
clan_getchatownername
clan_getchatuserworldname
friend_platform
friend_getslotfromname
ignore_getslotfromname
playercountry
ignore_is_temp
clan_getchatusername_unfiltered
ignore_getname_unfiltered
friend_is_referrer
friend_is_referred
activeclansettings_find_listened
activeclansettings_find_affined
activeclansettings_getclanname
activeclansettings_getallowunaffined
activeclansettings_getranktalk
activeclansettings_getrankkick
activeclansettings_getranklootshare
activeclansettings_getcoinshare
activeclansettings_getaffinedcount
activeclansettings_getaffineddisplayname
activeclansettings_getaffinedrank
activeclansettings_getaffinedmuted
activeclansettings_getbannedcount
activeclansettings_getbanneddisplayname
activeclansettings_getaffinedextrainfo
activeclansettings_getcurrentowner_slot
activeclansettings_getreplacementowner_slot
activeclansettings_getaffinedslot
activeclansettings_getsortedaffinedslot
activeclansettings_getaffinedjoinruneday
activeclanchannel_find_listened
activeclanchannel_find_affined
activeclanchannel_getclanname
activeclanchannel_getrankkick
activeclanchannel_getranktalk
activeclanchannel_getusercount
activeclanchannel_getuserdisplayname
activeclanchannel_getuserrank
activeclanchannel_getuserworld
activeclanchannel_getuserslot
activeclanchannel_getsorteduserslot
clanprofile_find
stockmarket_getoffertype
stockmarket_getofferitem
stockmarket_getofferprice
stockmarket_getoffercount
stockmarket_getoffercompletedcount
stockmarket_getoffercompletedgold
stockmarket_isofferempty
stockmarket_isofferstable
stockmarket_isofferfinished
stockmarket_isofferadding
add
sub
multiply
divide
random
randominc
interpolate
addpercent
setbit
clearbit
testbit
modulo
pow
invpow
and
or
min
max
scale
random_sound_pitch
hsvtorgb
not
append_num
append
append_signnum
get_col_tag
lowercase
fromdate
text_gender
tostring
compare
paraheight
parawidth
paraline
text_switch
escape
append_char
char_isprintable
char_isalphanumeric
char_isalpha
char_isnumeric
string_length
substring
removetags
string_indexof_char
string_indexof_string
char_tolowercase
char_touppercase
tostring_localised
stringwidth
string_distance
format_datetime_from_minutes
clanforumqfc_tostring
oc_name
oc_op
oc_iop
oc_cost
oc_stackable
oc_category
oc_hasvarobj
oc_cert
oc_uncert
oc_shard
oc_unshard
oc_shardcount
oc_wearpos
oc_wearpos2
oc_wearpos3
oc_members
oc_param
oc_icursor
oc_multistacksize
oc_find
oc_findnext
oc_minimenu_colour_overridden
oc_minimenu_colour
nc_param
lc_param
struct_param
seq_param
seqlength
bas_getanim_ready
chat_getfilter_public
chat_gethistory_bytypeandline
chat_gethistory_byuid
chat_getfilter_private
chat_playername
chat_getfilter_trade
chat_gethistorylength
chat_getnextuid
chat_getprevuid
chat_playername_unfiltered
chatcat_getdesc
chatcat_getsubcatcount
chatcat_getsubcat
chatcat_getphrasecount
chatcat_getphrase
chatphrase_gettext
chatphrase_getautoresponsecount
chatphrase_getautoresponse
chatcat_getsubcatshortcut
chatcat_getphraseshortcut
chatcat_findsubcatbyshortcut
chatcat_findphrasebyshortcut
chatphrase_getdynamiccommandcount
chatphrase_getdynamiccommand
chatphrase_getdynamiccommandparam_enum
chatphrase_find
chatphrase_findnext
keyheld_alt
keyheld_ctrl
keyheld_shift
worldmap_3dview_active
worldmap_3dview_getcoordfine
worldmap_3dview_getloddistance
worldmap_getcategorypriority
worldmap_3dview_gettextfont
worldmap_3dview_getscreenposition
worldmap_getdisabletextsize
worldmap_getdisabletype
worldmap_getzoom
worldmap_getmap
worldmap_getmapname
worldmap_getsize
worldmap_getdisplayposition
worldmap_getconfigorigin
worldmap_getconfigsize
worldmap_getconfigbounds
worldmap_listelement_start
worldmap_listelement_next
worldmap_coordinmap
worldmap_getconfigzoom
worldmap_isloaded
worldmap_getsourceposition
worldmap_getdisplaycoord
worldmap_getsourcecoord
worldmap_getdisableelements
worldmap_getdisableelementcategory
worldmap_getdisableelement
worldmap_getcurrentmap
worldmap_findnearestelement
fullscreen_enter
fullscreen_modecount
fullscreen_getmode
fullscreen_lastmode
getwindowmode
getdefaultwindowmode
spline_length
lastlogin
minimenuopen
getclipboard
has_html5
has_nxt
clienttype
is_gamescreen_state
cam_getangle_xa
cam_getangle_ya
cam_getfollowheight
cam2_getcontrolmode
cam2_getlookatmode
cam2_getpositionmode
cam2_getpositionentity_angleoffsets
cam2_addeffect_shake
cam2_getpositionentity_lookatangleoffsets
cam2_getpositionentity_lookatangle
cam2_getpositionentity_lookatdistance
cam2_addeffect_ztilt
cam2_isenabled
cam2_legacycam_ready
cam_modeisfollowplayer
login_reply
login_hoptime
login_ban_duration
create_reply
create_email_validate_reply
create_name_validate_reply
create_suggest_name_reply
create_connect_reply
login_disallowresult
lobby_entergamereply
lobby_enterlobbyreply
userflowflags
automatedtestflags
create_under13
login_last_transfer_reply
login_inprogress
login_queue_position
login_disallowtrigger
create_get_email
login_accountappeal
detailget_brightness
detailget_removeroofs_option
detailget_grounddecor_on
detailget_idleanims_many
detailget_flickering_on
detailget_spotshadows_on
detailget_hardshadows
detailget_shadowquality
detailget_lightdetail_high
detailget_waterdetail_high
detailget_fog_on
detailget_antialiasing
detailget_antialiasing_quality
detailget_stereo
detailget_soundvol
detailget_musicvol
detailget_bgsoundvol
detailget_particles
detailget_antialiasing_default
detailget_buildarea
detailget_bloom
detailget_customcursors
detailget_idleanims
detailget_groundblending
detailget_toolkit
detailget_toolkit_default
detailget_cpuusage
detailget_texturing
detailget_performance_metric
detailget_maxscreensize
detailget_speechvol
detailget_loginvol
detailget_safemode
detailget_loadingscreentype
detailget_orthographic
detailget_canchoosesafemode
detailget_chosesafemode
detailget_skydetail
detailget_drawdistance
detailget_maxdiskcachesize
detailget_mindiskcachesize
detailget_recommendeddiskcachesize
detailget_diskcachesize
detailget_animdetail
viewport_geteffectivesize
viewport_getzoom
viewport_getfov
date_minutes
date_runeday
date_runeday_fromdate
date_year
date_isleapyear
date_runeday_todate
date_minutes_fromruneday
worldlist_fetch
worldlist_start
worldlist_next
worldlist_switch
worldlist_specific
worldlist_specific_thisworld
if_gettop
if_debug_getopenifcount
if_debug_getopenifid
if_debug_getname
if_debug_getcomcount
if_debug_getcomname
if_debug_getservertriggers
opcount
mec_text
mec_sprite
mec_textsize
mec_category
mec_param
userdetail_quickchat
userdetail_lobby_membership
userdetail_lobby_recoveryday
userdetail_lobby_unreadmessages
userdetail_lobby_lastloginday
userdetail_lobby_lastloginaddress
userdetail_lobby_emailstatus
userdetail_lobby_ccexpiry
userdetail_lobby_graceexpiry
userdetail_lobby_dobrequested
userdetail_dob
userdetail_lobby_membersstats
userdetail_lobby_playage
userdetail_lobby_jcoins_balance
userdetail_lobby_loyalty_balance
autosetup_dosetup
autosetup_getlevel
video_advert_play
video_advert_has_finished
get_entity_say
get_displayname_withextras
get_npc_name
get_npc_vislevel
get_entity_screen_position
if_get_gamescreen
if_set_gamescreen_enabled
get_entity_overlay_height
get_npc_stat
is_npc_active
is_npc_visible
is_targeted_entity
npc_type
get_loc_screen_position
get_obj_screen_position
get_loc_overlay_height
get_obj_overlay_height
get_loc_bounding_box
get_obj_bounding_box
get_entity_bounding_box
quest_getname
quest_getsortname
quest_type
quest_getdifficulty
quest_getmembers
quest_points
quest_questreq_count
quest_questreq
quest_questreq_met
quest_pointsreq
quest_pointsreq_met
quest_statreq_count
quest_statreq_stat
quest_statreq_level
quest_statreq_met
quest_varpreq_count
quest_varpreq_desc
quest_varpreq_met
quest_varbitreq_count
quest_varbitreq_desc
quest_varbitreq_met
quest_allreqmet
quest_started
quest_finished
quest_param
map_build_complete
sound_song_stop
sound_group_start
sound_group_stop
sound_vorbis_volume_rate_group
sound_mixbuss_add
sound_mixbuss_setlevel
sound_distancefocusfilter_setparams
preload_percent
shader_preload_allow
shader_preload_percent
shader_preload_throttle
can_run_java_client
fps_stats
runjavascript
worldmap_jumptosourcecoord_instant
worldmap_jumptodisplaycoord_instant
worldmap_setflashloops
worldmap_setflashloops_default
worldmap_setflashtics
worldmap_setflashtics_default
worldmap_perpetualflash
worldmap_stopcurrentflashes
player_group_find
player_group_member_count
player_group_member_get_same_world_var
player_group_member_get_rank
player_group_member_get_team
player_group_member_get_last_seen_node_id
player_group_member_get_status
player_group_member_is_online
player_group_member_is_member
player_group_member_get_displayname
player_group_member_get_join_xp
player_group_member_is_owner
player_group_banned_count
player_group_banned_get_displayname
player_group_get_displayname
player_group_get_max_size
player_group_get_create_mins_since_epoch
player_group_get_create_seconds_to_now
player_group_is_members_only
player_group_get_overall_status
player_group_get_owner_slot
ttv_login
ttv_login_getstate
ttv_logout
ttv_library_getstate
ttv_library_request
ttv_stream_getstate
ttv_stream_start
ttv_stream_stop
ttv_stream_settitle
ttv_stream_getviewers
ttv_stream_getquality
ttv_stream_setsmoothresize
ttv_chat_getstate
ttv_chat_sendmessage
ttv_webcam_getstate
ttv_webcam_supported
ttv_webcam_getdevice_count
ttv_webcam_getdevice_byindex
ttv_webcam_getdevice_byuniquename
ttv_webcam_getcap_count
ttv_webcam_getcap_byindex
ttv_webcam_getcap_byuniqueid
ttv_webcam_start
ttv_webcam_stop
ttv_webcam_flip
ttv_livestreams_update
ttv_livestreams_getstream_start
ttv_livestreams_getstream_next
ttv_setdebugouput
ttv_hasprerequisites
os_ismac
os_iswindows
os_islinux
os_physicalmemorysize
getgridcoordrelativetocamera
movescripted
telemetry_get_group_count
telemetry_get_group_index
telemetry_get_group_id
telemetry_get_row_count
telemetry_get_row_index
telemetry_get_row_id
telemetry_is_row_pinned
telemetry_get_column_count
telemetry_get_column_index
telemetry_get_column_id
telemetry_get_grid_value
telemetry_is_grid_processor_set
emoji_add
emoji_remove
emoji_removeall
emoji_substitute
emoji_enable_auto_chatline
db_find
db_find_with_count
db_findnext
db_getfield
db_getfieldcount
detailcanmod_grounddecor
detailcanmod_spotshadows
detailcanmod_hardshadows
detailcanmod_shadowquality
detailcanmod_waterdetail
detailcanmod_antialiasing
detailcanmod_antialiasing_quality
detailcanmod_particles
detailcanmod_buildarea
detailcanmod_bloom
detailcanmod_groundblending
detailcanmod_texturing
detailcanmod_maxscreensize
detailcanmod_fog
detailcanmod_orthographic
detailcanmod_toolkit_default
detailcanmod_skydetail
detailcanmod_animdetail
detailcanset_grounddecor
detailcanset_spotshadows
detailcanset_hardshadows
detailcanset_shadowquality
detailcanset_waterdetail
detailcanset_antialiasing
detailcanset_antialiasing_quality
detailcanset_particles
detailcanset_buildarea
detailcanset_bloom
detailcanset_groundblending
detailcanset_texturing
detailcanset_maxscreensize
detailcanset_fog
detailcanset_orthographic
detailcanset_toolkit_default
detailcanset_skydetail
detailcanset_animdetail
detail_shadows
detail_lightingquality
detail_antialiasingmode
detail_ambientocclusion
detail_reflections
detail_vsync
detailget_shadows
detailget_lightingquality
detailget_antialiasingmode
detailget_ambientocclusion
detailget_reflections
detailget_vsync
detailcanmod_shadows
detailcanmod_lightingquality
detailcanmod_antialiasingmode
detailcanmod_ambientocclusion
detailcanmod_reflections
detailcanmod_vsync
detailcanset_shadows
detailcanset_lightingquality
detailcanset_antialiasingmode
detailcanset_ambientocclusion
detailcanset_reflections
detailcanset_vsync
autosetup_setultra
